PersonID,age,sex,smoker,children,region,bmi,charges
295,25,male,no,3,southwest,26.8,3906.127
180,41,female,no,3,northeast,33.155,8538.28845
1336,18,female,no,0,southeast,36.85,1629.8335
635,51,male,no,1,southwest,39.7,9391.346
68,40,male,no,1,northwest,26.315,6389.37785
1240,25,female,no,1,southeast,42.13,3238.4357
980,36,female,no,0,southeast,29.92,4889.0368
1232,20,female,yes,0,southwest,21.8,20167.33603
943,18,female,no,0,northeast,40.185,2217.46915
81,31,male,no,1,northeast,26.885,4441.21315
1277,22,female,no,0,northeast,30.4,2741.948
170,27,male,no,3,northeast,18.905,4827.90495
934,45,female,no,0,southwest,35.3,7348.142
176,63,female,yes,0,southwest,37.7,48824.45
1151,18,female,no,0,northeast,30.305,2203.73595
891,64,female,yes,0,northwest,26.885,29330.98315
850,55,male,no,0,northwest,32.775,10601.63225
232,59,female,no,3,southeast,27.83,14001.2867
530,18,male,no,0,northeast,25.46,1708.0014
984,27,female,no,1,northeast,30.59,16796.41194
252,63,female,yes,2,southwest,32.2,47305.305
221,34,female,no,1,southwest,33.7,5012.471
1271,26,male,no,1,northwest,33.915,3292.52985
1249,18,female,no,0,southeast,39.82,1633.9618
274,50,male,no,1,northeast,27.455,9617.66245
531,57,male,yes,1,southeast,42.13,48675.5177
709,31,female,no,3,northeast,30.495,6113.23105
708,49,male,no,3,northwest,28.69,10264.4421
648,40,female,no,3,northeast,23.37,8252.2843
790,62,female,no,0,southeast,29.92,13457.9608
240,44,male,no,1,southeast,38.06,7152.6714
729,18,female,no,0,northeast,40.28,2217.6012
931,26,male,no,1,southeast,46.53,2927.0647
263,52,male,yes,3,northeast,24.32,24869.8368
104,61,female,yes,3,southeast,29.92,30942.1918
419,64,male,no,1,southeast,39.16,14418.2804
1133,57,male,no,0,northeast,40.28,20709.02034
484,51,female,no,1,southwest,39.5,9880.068
453,24,male,no,0,southwest,23.4,1969.614
1213,18,male,no,0,northeast,21.47,1702.4553
7,46,female,no,1,southeast,33.44,8240.5896
187,26,female,no,2,southeast,29.92,3981.9768
190,29,female,no,2,northwest,32.11,4922.9159
349,36,female,no,1,southeast,29.92,5478.0368
593,20,male,no,2,southeast,31.13,2566.4707
1134,52,female,no,0,northwest,18.335,9991.03765
976,29,male,yes,0,northeast,22.895,16138.76205
258,38,female,no,0,southeast,40.15,5400.9805
96,28,female,no,1,southeast,37.62,3766.8838
954,44,male,yes,2,southwest,30.2,38998.546
1097,51,female,yes,2,northeast,34.96,44641.1974
355,18,female,no,0,southeast,38.28,14133.03775
731,35,male,yes,3,southeast,24.42,19361.9988
71,27,female,yes,0,southeast,24.75,16577.7795
150,19,male,no,1,southwest,28.4,1842.519
896,61,female,no,0,southwest,44.0,13063.883
1209,37,female,yes,1,northeast,25.555,20296.86345
412,44,female,yes,1,northeast,20.235,19594.80965
596,46,female,no,1,northeast,33.725,8823.98575
264,19,male,yes,0,northwest,36.955,36219.40545
417,52,male,no,0,southeast,34.1,9140.951
785,31,female,no,1,southeast,29.26,4350.5144
278,22,female,no,0,southwest,24.3,2150.469
562,54,female,no,0,northeast,32.68,10923.9332
427,38,female,no,1,northeast,27.265,6555.07035
1014,48,male,no,1,northwest,32.3,8765.249
121,44,male,no,2,southwest,37.1,7740.337
720,58,female,no,0,northwest,33.44,12231.6136
1078,21,male,no,0,northeast,26.03,2102.2647
451,39,male,no,4,southwest,29.6,7512.267
1301,45,male,yes,0,southeast,30.36,62592.87309
889,22,male,no,0,southwest,39.5,1682.597
682,19,male,no,0,southwest,20.3,1242.26
1142,41,female,no,3,southwest,32.6,7954.517
994,38,male,no,1,southeast,28.27,5484.4673
1065,29,female,no,4,southwest,25.6,5708.867
724,19,male,no,0,southwest,35.4,1263.249
450,35,male,no,1,southwest,38.6,4762.329
309,58,male,no,0,northeast,34.865,11944.59435
177,38,male,no,2,northwest,27.835,6455.86265
953,30,female,no,1,northwest,28.405,4527.18295
711,18,male,no,1,southeast,35.2,1727.54
383,55,male,no,0,southeast,33.0,20781.48892
310,41,female,no,2,northwest,33.06,7749.1564
887,57,male,yes,0,northeast,28.975,27218.43725
152,48,male,no,0,southeast,29.7,7789.635
631,53,male,no,1,southwest,36.1,10085.846
799,58,female,no,0,southwest,33.1,11848.141
874,43,male,no,1,southwest,30.1,6849.026
1015,38,female,no,0,southwest,27.6,5383.536
1125,23,female,yes,1,northeast,42.75,40904.1995
553,62,male,no,0,southwest,21.4,12957.118
777,40,male,no,2,northwest,32.3,6986.697
860,57,male,no,0,southwest,28.1,10965.446
251,18,male,yes,2,northeast,17.29,12829.4551
1286,47,female,no,0,northeast,24.32,8534.6718
895,62,male,no,0,northeast,32.11,13555.0049
727,41,male,no,1,northwest,28.405,6664.68595
1152,58,female,no,0,northwest,36.48,12235.8392
1128,35,female,no,2,southeast,35.86,5836.5204
1167,57,male,no,0,southeast,40.37,10982.5013
499,44,female,no,2,southeast,23.98,8211.1002
167,20,female,no,5,southwest,37.0,4830.63
568,41,male,no,2,northwest,30.59,7256.7231
689,47,female,no,1,southwest,24.1,26236.57997
940,53,male,no,0,southeast,29.48,9487.6442
1259,55,male,no,3,northwest,37.715,30063.58055
869,61,male,no,0,northeast,23.655,13129.60345
557,46,male,no,1,northeast,33.44,8334.5896
1132,27,male,no,2,southwest,45.9,3693.428
1250,32,male,yes,1,northeast,33.63,37607.5277
84,48,female,no,4,northwest,41.23,11033.6617
1215,27,female,no,1,northwest,31.255,3956.07145
878,33,male,no,5,southeast,33.44,6653.7886
14,56,female,no,0,southeast,39.82,11090.7178
1272,25,female,no,0,northwest,34.485,3021.80915
66,19,female,no,0,southwest,28.9,1743.214
549,25,female,no,0,northeast,28.595,3213.62205
1256,42,female,no,0,southwest,37.9,6474.013
344,63,male,no,0,northeast,36.765,13981.85035
962,29,female,no,0,southwest,25.9,3353.284
146,29,female,no,3,southeast,38.83,5138.2567
688,40,male,no,0,southeast,41.69,5438.7491
1283,18,female,yes,0,northeast,21.66,14283.4594
842,59,male,no,0,northeast,24.7,12323.936
1188,62,female,no,0,northwest,32.68,13844.7972
250,29,male,no,1,northeast,28.975,4040.55825
328,45,male,yes,2,northwest,36.48,42760.5022
421,64,male,yes,0,southeast,33.88,46889.2612
1246,28,male,no,5,southwest,24.3,5615.369
74,58,male,no,1,southeast,32.01,11946.6259
854,53,female,no,2,northeast,23.75,11729.6795
686,53,male,no,2,northeast,26.41,11244.3769
476,61,male,yes,1,northwest,28.31,28868.6639
649,18,male,no,0,northeast,28.5,1712.227
1,19,female,yes,0,southwest,27.9,16884.924
299,31,male,yes,3,northwest,34.39,38746.3551
1178,40,female,no,1,southwest,27.4,6496.886
268,59,female,no,3,northeast,32.395,14590.63205
109,29,male,no,0,southeast,27.94,2867.1196
1241,52,male,yes,2,southeast,41.8,47269.854
877,49,female,no,1,southwest,27.1,26140.3603
459,56,male,no,0,southwest,39.6,10601.412
255,50,male,yes,0,northeast,31.825,41097.16175
234,59,male,no,1,southwest,27.5,12333.828
998,63,female,no,0,southeast,36.85,13887.9685
952,51,male,yes,2,southeast,42.9,47462.894
652,53,female,no,1,southeast,39.6,10579.711
696,26,female,no,0,northwest,40.185,3201.24515
789,29,male,no,3,northeast,22.515,5209.57885
898,19,male,no,1,northwest,25.555,2221.56445
15,27,male,yes,0,southeast,42.13,39611.7577
981,54,male,no,1,northeast,25.46,25517.11363
30,31,male,yes,2,southwest,36.3,38711.0
759,30,male,no,3,northeast,37.43,5428.7277
800,33,male,yes,0,northeast,24.795,17904.52705
958,24,male,no,1,northwest,26.79,12609.88702
399,64,male,no,2,southwest,25.6,14988.432
664,18,male,no,0,southeast,33.66,1136.3994
763,33,male,yes,1,southwest,27.1,19040.876
1113,48,female,yes,3,southeast,25.85,24180.9335
164,32,female,no,2,southwest,29.8,5152.134
1284,18,male,no,1,southeast,30.03,1720.3537
942,50,female,no,1,southeast,46.09,9549.5651
1230,58,male,no,0,northeast,30.305,11938.25595
94,35,male,no,2,northwest,34.77,5729.0053
832,36,female,no,0,northwest,25.84,5266.3656
1105,37,male,no,0,southwest,29.8,20420.60465
486,31,female,no,0,northeast,31.065,4347.02335
771,61,male,no,3,southwest,36.1,27941.28758
677,55,female,no,3,southeast,40.81,12485.8009
1036,54,female,no,3,southwest,23.0,12094.478
518,45,male,no,2,northwest,30.495,8413.46305
871,50,male,no,0,southwest,36.2,8457.818
228,58,female,no,0,southeast,41.91,24227.33724
555,25,female,no,0,northeast,41.325,17878.90068
1205,18,female,yes,3,southeast,27.28,18223.4512
1254,40,female,no,4,southwest,29.3,15828.82173
302,53,female,yes,3,northeast,22.61,24873.3849
559,35,female,yes,3,northwest,34.105,39983.42595
1309,25,female,yes,0,southwest,30.2,33900.653
1210,59,male,no,1,southwest,37.1,12347.172
540,53,male,no,0,southeast,31.35,27346.04207
137,19,male,no,0,southwest,34.1,1261.442
1122,46,male,no,2,southeast,38.17,8347.1643
1027,19,male,yes,1,northwest,26.03,16450.8947
448,56,female,no,0,northwest,25.65,11454.0215
535,64,male,no,0,southeast,40.48,13831.1152
1248,33,male,no,4,southwest,29.4,6059.173
1216,18,male,no,0,northeast,39.14,12890.05765
178,54,male,no,1,southwest,29.2,10436.096
356,46,male,no,0,southwest,27.6,24603.04837
1102,53,male,no,3,southwest,28.6,11253.421
776,51,male,no,3,southeast,33.33,10560.4917
235,39,male,no,2,northwest,24.51,6710.1919
1051,44,female,no,1,northwest,36.955,8023.13545
667,49,male,no,1,southwest,28.7,8703.456
973,22,female,no,0,northwest,20.235,2527.81865
446,45,female,no,0,southwest,33.1,7345.084
1066,42,female,no,1,southwest,25.3,7045.499
215,45,female,no,2,southwest,30.9,8520.026
685,33,female,no,1,southwest,18.5,4766.022
1329,23,female,no,2,northeast,24.225,22395.74424
680,49,female,no,2,northwest,23.18,10156.7832
1063,59,male,yes,1,southeast,41.14,48970.2476
556,28,male,no,2,southwest,23.8,3847.674
106,20,male,yes,1,northwest,28.025,17560.37975
690,27,male,yes,1,southeast,31.13,34806.4677
155,40,female,no,1,northeast,25.46,7077.1894
354,33,male,no,0,northeast,35.245,12404.8791
191,61,male,no,0,southeast,31.57,12557.6053
185,44,male,no,2,southeast,30.69,7731.4271
469,28,female,no,1,northeast,24.32,23288.9284
665,64,female,yes,0,southeast,22.99,27037.9141
1146,52,male,no,3,northwest,32.775,11289.10925
754,58,female,no,0,southeast,22.77,11833.7823
393,48,male,no,1,northeast,31.445,8964.06055
231,42,female,no,1,northwest,36.195,7443.64305
281,40,female,yes,1,northeast,28.12,22331.5668
803,21,male,no,1,southwest,22.3,2103.08
1203,22,male,no,0,northwest,32.11,2055.3249
1278,32,female,no,0,northwest,29.735,4357.04365
129,32,female,yes,2,northwest,17.765,32734.1863
466,30,female,yes,1,southeast,28.38,19521.9682
1032,55,female,yes,0,southeast,35.2,44423.803
1138,26,female,no,0,northwest,22.23,3176.2877
438,35,male,no,3,southwest,28.9,5926.846
551,63,male,no,0,southwest,30.8,13390.559
658,27,male,no,2,northwest,33.155,4058.71245
773,44,female,no,0,northeast,36.48,12797.20962
1255,34,female,no,0,southeast,27.72,4415.1588
1044,28,female,no,0,southwest,25.8,3161.454
249,19,male,no,1,southwest,20.9,1832.094
1058,45,female,no,0,southeast,31.79,17929.30337
1314,19,female,yes,2,southwest,34.7,36397.576
1267,55,female,no,0,southwest,30.5,10704.47
143,34,male,yes,2,southeast,25.3,18972.495
770,38,female,no,2,northwest,19.475,6933.24225
1229,56,male,no,0,southeast,34.43,10594.2257
1098,22,male,no,0,southeast,33.77,1674.6323
395,46,female,no,2,northeast,32.3,9411.005
1265,49,female,no,2,northeast,33.345,10370.91255
83,22,male,yes,1,southeast,37.62,37165.1638
1305,42,male,yes,2,northeast,24.605,21259.37795
536,38,male,no,1,northeast,28.025,6067.12675
353,30,female,no,0,southwest,27.7,3554.203
587,21,male,no,3,northeast,20.235,3861.20965
223,32,male,no,3,southwest,30.8,5253.524
563,27,male,no,0,southwest,30.5,2494.022
1153,43,female,yes,3,southeast,32.56,40941.2854
346,34,female,no,3,southeast,29.26,6184.2994
108,26,male,no,2,northwest,30.875,3877.30425
637,19,female,no,1,northwest,24.51,2709.1119
1041,35,female,yes,0,northwest,28.025,20234.85475
388,50,male,no,2,northwest,25.365,30284.64294
825,60,male,no,0,northwest,24.32,12523.6048
853,46,female,yes,0,northeast,35.53,42111.6647
624,18,male,yes,0,northeast,33.535,34617.84065
324,57,male,no,0,northeast,40.945,11566.30055
817,24,female,no,0,northwest,24.225,2842.76075
1056,55,male,no,0,northwest,27.645,10594.50155
253,54,male,yes,2,southeast,34.21,44260.7499
740,29,male,yes,2,southwest,35.5,44585.45587
369,44,male,no,2,northwest,32.015,8116.26885
1245,18,male,no,0,southeast,33.33,1135.9407
534,37,male,no,0,southeast,36.19,19214.70553
368,42,female,no,2,northwest,24.985,8017.06115
10,60,female,no,0,northwest,25.84,28923.13692
364,21,female,no,1,southwest,26.4,2597.779
1200,31,female,no,2,southwest,25.8,4934.705
377,39,female,yes,3,northeast,24.89,21659.9301
205,46,male,no,0,southwest,22.3,7147.105
1197,19,female,yes,0,northwest,30.02,33307.5508
892,36,female,no,4,southeast,29.04,7243.8136
296,18,male,no,0,northeast,22.99,1704.5681
607,27,female,no,0,northeast,25.175,3558.62025
93,59,male,yes,3,northeast,29.83,30184.9367
236,40,female,yes,2,southeast,22.22,19444.2658
195,18,male,no,0,southeast,34.43,1137.4697
1109,26,male,no,1,southwest,30.0,2904.088
1171,18,male,yes,1,northeast,27.36,17178.6824
161,42,female,yes,0,northwest,26.6,21348.706
213,24,male,no,2,northwest,28.5,3537.703
735,59,female,no,3,southwest,32.1,14007.222
120,37,female,no,2,northwest,23.37,6686.4313
617,56,female,no,0,northeast,28.595,11658.11505
626,29,female,no,0,northwest,26.03,3736.4647
1270,45,male,no,3,southwest,27.5,8615.3
756,31,male,no,2,northeast,27.645,5031.26955
122,18,male,no,0,northeast,23.75,1705.6245
951,57,male,no,0,northeast,18.335,11534.87265
357,46,male,no,3,southeast,43.89,8944.1151
409,38,male,no,3,southeast,21.12,6652.5288
746,50,female,no,1,northwest,30.115,9910.35985
659,48,female,no,1,northeast,35.91,26392.26029
389,26,female,no,0,northwest,22.61,3176.8159
1308,32,male,yes,4,northwest,28.12,21472.4788
751,37,female,yes,0,southeast,26.4,19539.243
1224,20,female,yes,0,southeast,24.42,26125.67477
467,60,female,no,1,southwest,28.7,13224.693
226,55,male,no,3,southeast,33.88,11987.1682
657,26,female,no,1,southwest,42.4,3410.324
67,61,female,no,2,southwest,39.1,14235.072
118,29,female,yes,1,southeast,27.94,19107.7796
564,50,male,no,1,southeast,44.77,9058.7303
845,53,male,no,0,northeast,30.495,10072.05505
1207,59,female,no,2,southwest,34.8,36910.60803
700,23,female,no,2,southeast,39.27,3500.6123
290,52,male,no,3,southeast,26.4,25992.82104
834,58,male,no,0,northwest,34.39,11743.9341
902,60,male,yes,0,southeast,40.92,48673.5588
819,47,female,yes,1,northeast,26.125,23401.30575
454,20,male,no,0,northwest,29.735,1769.53165
824,44,female,no,2,southeast,29.81,8219.2039
524,38,female,no,0,southeast,37.73,5397.6167
1009,25,male,no,2,northeast,24.985,23241.47453
436,60,male,no,3,southeast,33.11,13919.8229
33,19,female,no,5,southwest,28.6,4687.797
938,39,female,no,5,northwest,24.225,8965.79575
547,28,male,no,0,northeast,35.435,3268.84665
508,21,male,no,2,northwest,23.75,3077.0955
706,33,female,no,2,southwest,32.9,5375.038
149,53,female,no,1,northwest,37.43,10959.6947
792,19,male,no,0,southwest,27.6,1252.407
574,62,female,no,1,northeast,36.86,31620.00106
41,24,female,no,0,northeast,26.6,3046.062
699,56,male,no,0,northwest,33.725,10976.24575
622,37,male,yes,4,southwest,34.1,40182.246
987,43,male,no,3,northwest,30.115,8410.04685
345,49,female,no,4,southeast,41.47,10977.2063
601,18,female,no,0,southeast,39.16,1633.0444
1033,30,female,no,0,northeast,27.93,4137.5227
339,50,male,yes,1,northeast,32.3,41919.097
1000,36,female,no,0,northwest,26.885,5267.81815
580,25,female,no,0,northeast,23.465,3206.49135
267,40,male,yes,1,southeast,19.8,17179.522
1281,48,female,no,0,southeast,33.33,8283.6807
1035,61,male,no,0,northwest,38.38,12950.0712
303,56,female,no,2,southeast,37.51,12265.5069
944,19,male,no,0,northwest,22.61,1628.4709
621,30,male,no,1,southwest,31.4,3659.346
449,40,female,no,0,southwest,29.6,5910.944
1062,57,male,no,1,southeast,27.94,11554.2236
912,18,male,yes,0,northeast,31.73,33732.6867
978,26,male,no,1,southeast,29.15,2902.9065
379,64,female,no,3,northwest,30.115,16455.70785
642,42,male,yes,3,northwest,28.31,32787.45859
247,60,female,no,0,southeast,38.06,12648.7034
1048,22,male,yes,1,southeast,52.58,44501.3982
400,18,female,no,0,southeast,38.17,1631.6683
762,23,male,no,1,southwest,35.2,2416.955
1187,20,male,yes,3,northwest,35.625,37465.34375
101,41,female,no,0,southwest,31.6,6186.127
237,18,female,no,0,southeast,26.73,1615.7667
764,27,male,no,0,northeast,26.03,3070.8087
1095,50,female,no,4,southwest,33.7,11299.343
600,52,female,no,2,northwest,37.525,33471.97189
1198,41,male,no,0,southeast,33.55,5699.8375
560,19,male,no,0,northwest,35.53,1646.4297
585,19,male,no,0,southwest,20.7,1242.816
510,57,female,no,0,southwest,28.7,11455.28
306,29,male,no,2,northwest,33.345,19442.3535
730,41,female,no,1,southeast,36.08,6781.3542
1046,43,female,yes,2,northwest,24.7,21880.82
693,20,male,no,1,northwest,32.395,2362.22905
1106,54,female,no,0,southeast,31.24,10338.9316
297,19,male,yes,0,southwest,27.7,16297.846
1112,38,male,yes,3,southeast,38.39,41949.2441
992,38,female,no,2,northeast,27.835,7144.86265
662,57,female,no,1,southeast,23.98,22192.43711
930,41,male,no,1,southeast,34.21,6289.7549
698,41,male,yes,1,southeast,35.75,40273.6455
375,20,male,no,0,southeast,33.33,1391.5287
787,60,male,no,0,northeast,36.955,12741.16745
327,27,female,no,1,southeast,23.21,3561.8889
32,18,female,no,0,northeast,26.315,2198.18985
336,64,male,no,0,southwest,34.5,13822.803
1235,45,female,no,2,southeast,27.83,8515.7587
974,19,female,no,0,southwest,40.5,1759.338
791,39,female,no,0,southeast,41.8,5662.225
168,32,female,no,3,northwest,33.155,6128.79745
1060,32,male,no,1,northwest,33.82,4462.7218
135,20,female,no,0,northeast,28.785,2457.21115
53,48,male,yes,1,southwest,28.0,23568.272
1096,18,female,no,4,northeast,31.35,4561.1885
881,22,male,no,3,southwest,34.8,3443.064
582,19,male,no,0,northwest,30.59,1639.5631
516,58,male,no,0,southwest,35.7,11362.755
207,59,male,no,0,southeast,26.4,11743.299
679,56,male,no,3,southwest,36.1,12363.547
48,28,female,no,0,northwest,34.77,3556.9223
855,49,female,yes,3,northeast,23.845,24106.91255
398,21,male,no,0,southeast,31.02,16586.49771
1334,50,male,no,3,northwest,30.97,10600.5483
734,48,female,no,1,northeast,27.265,9447.25035
630,44,female,yes,0,northwest,38.95,42983.4585
977,48,male,no,0,southeast,40.15,7804.1605
1303,25,female,no,1,southwest,20.8,3208.787
337,60,male,no,0,southeast,25.74,12142.5786
610,30,male,yes,2,southwest,37.8,39241.442
882,23,male,no,1,northwest,27.36,2789.0574
946,56,female,no,1,southwest,35.8,11674.13
826,64,female,no,2,northeast,31.825,16069.08475
820,33,female,yes,0,northwest,35.53,55135.40209
55,40,female,no,3,northwest,28.69,8059.6791
498,45,male,no,2,southwest,28.7,8027.968
39,35,male,yes,1,northeast,36.67,39774.2763
823,18,female,no,0,southeast,31.13,1621.8827
572,18,female,no,1,southeast,37.29,2219.4451
632,24,male,no,0,southwest,29.3,1977.815
217,53,female,no,0,northwest,26.6,10355.641
529,46,male,no,1,northeast,39.425,8342.90875
646,48,male,no,3,northeast,30.78,10141.1362
1159,20,female,no,0,northeast,30.59,2459.7201
1193,58,female,no,1,northeast,32.395,13019.16105
1092,55,female,no,0,northeast,29.83,11286.5387
76,57,male,no,0,northwest,34.01,11356.6609
415,19,female,no,0,northwest,35.15,2134.9015
1005,47,male,no,1,northeast,19.19,8627.5411
939,18,male,no,2,southeast,26.18,2304.0022
1157,19,male,yes,0,southeast,44.88,39722.7462
526,18,female,no,0,southeast,33.88,11482.63485
750,28,male,no,0,northwest,30.875,3062.50825
565,18,female,no,2,southeast,32.12,2801.2588
856,20,female,no,0,southwest,29.6,1875.344
1337,21,female,no,0,southwest,25.8,2007.945
675,44,female,yes,2,southeast,43.89,46200.9851
244,40,male,no,3,southwest,35.3,7196.867
1019,54,female,no,3,northwest,35.815,12495.29085
579,52,male,no,1,southwest,30.2,9724.53
671,30,male,no,3,southeast,31.57,4837.5823
566,19,female,no,0,northwest,30.495,2128.43105
405,31,male,no,0,southwest,20.4,3260.199
836,42,male,no,2,southeast,35.97,7160.3303
362,35,male,no,1,southwest,30.5,4751.07
673,36,male,no,0,southeast,29.7,4399.731
1118,25,male,yes,2,southeast,33.33,36124.5737
753,64,male,no,0,northwest,37.905,14210.53595
113,37,male,no,0,southwest,30.8,4646.759
42,31,female,no,2,southeast,36.63,4949.7587
858,25,male,yes,0,northwest,24.13,15817.9857
867,18,male,no,0,southeast,37.29,1141.4451
38,26,male,no,0,southwest,20.8,2302.3
73,53,female,no,3,southwest,28.1,11741.726
233,19,female,no,0,southwest,17.8,1727.785
1103,29,male,no,1,southeast,38.94,3471.4096
584,32,female,no,1,southeast,23.65,17626.23951
847,51,female,no,1,southwest,34.2,9872.701
844,57,female,yes,0,southeast,29.81,27533.9129
928,57,female,no,1,southwest,20.1,12032.326
408,47,female,no,1,southwest,23.6,8539.671
1326,61,male,no,0,northeast,33.535,13143.33665
136,22,female,no,0,southeast,28.05,2155.6815
166,47,male,no,4,northeast,28.215,10407.08585
520,31,male,no,0,northeast,30.875,3857.75925
1076,32,female,no,1,southeast,29.59,4562.8421
1144,39,male,no,2,southeast,32.34,6338.0756
1145,50,male,no,2,southwest,32.3,9630.397
60,34,female,no,2,northwest,37.335,5989.52365
641,33,male,no,5,southwest,42.4,6666.243
91,21,female,no,0,southeast,39.49,2026.9741
1186,45,male,no,2,northeast,23.56,8603.8234
472,18,female,no,0,northeast,30.115,2203.47185
539,46,female,no,1,southeast,28.05,8233.0975
1156,36,female,no,3,northeast,22.135,7228.21565
936,59,female,no,0,southwest,27.5,12233.828
1158,23,female,no,2,northwest,23.18,14426.07385
1139,33,male,no,0,southeast,30.25,3704.3545
1137,44,female,no,1,southwest,25.0,7623.518
342,62,male,no,0,northwest,30.02,13352.0998
1114,28,female,no,3,northwest,26.315,5312.16985
687,42,male,no,2,northeast,26.125,7729.64575
475,54,male,yes,3,southwest,25.1,25382.297
1174,38,male,no,2,northwest,29.26,6457.8434
280,51,female,no,1,southeast,21.56,9855.1314
710,36,female,no,0,northeast,27.74,5469.0066
163,54,male,no,1,southwest,39.6,10450.552
643,61,male,no,0,northeast,33.915,13143.86485
275,25,male,no,0,northwest,27.55,2523.1695
863,55,female,no,2,northwest,33.535,12269.68865
402,47,male,no,1,southeast,47.52,8083.9198
62,25,male,no,4,southeast,33.66,4504.6624
1218,29,male,no,2,southeast,37.29,4058.1161
338,62,male,no,1,northwest,27.55,13937.6665
815,36,male,no,2,southeast,34.43,5584.3057
386,19,male,no,0,southwest,34.4,1261.859
132,61,female,no,0,northeast,22.04,13616.3586
1008,47,male,yes,3,northwest,28.215,24915.22085
455,32,male,no,2,southeast,46.53,4686.3887
828,36,male,yes,1,northeast,28.025,20773.62775
904,49,male,no,0,southeast,36.85,8125.7845
840,59,female,no,0,northwest,31.35,12622.1795
1191,31,female,no,2,northwest,32.775,5327.40025
326,40,male,no,1,northeast,34.105,6600.20595
1276,57,male,no,0,southwest,23.7,10959.33
950,25,male,yes,3,southwest,29.7,19933.458
125,47,female,no,3,northwest,33.915,10115.00885
131,59,female,no,0,northeast,26.505,12815.44495
738,26,male,no,2,southwest,23.7,3484.331
970,39,female,no,5,southeast,34.32,8596.8278
277,19,male,no,2,northwest,20.615,2803.69785
54,36,male,yes,0,southeast,34.43,37742.5757
1275,26,male,yes,0,southeast,27.06,17043.3414
910,32,female,yes,0,southwest,24.6,17496.306
523,51,female,no,0,northeast,33.915,9866.30485
1104,58,male,no,0,southeast,36.08,11363.2832
80,41,female,no,0,northwest,32.965,6571.02435
477,24,male,yes,0,northeast,28.5,35147.52848
794,53,male,yes,0,southeast,20.9,21195.818
598,34,female,no,1,northeast,33.25,5594.8455
767,47,male,no,1,southwest,32.3,8062.764
663,32,female,no,1,northeast,31.54,5148.5526
573,30,female,no,2,southeast,43.12,4753.6368
879,41,male,no,1,southwest,28.8,6282.235
2,18,male,no,1,southeast,33.77,1725.5523
463,62,female,no,2,northeast,38.095,15230.32405
1274,35,male,no,1,southeast,27.61,4747.0529
63,64,male,no,1,northwest,24.7,30166.61817
35,28,male,yes,1,southwest,36.4,51194.55914
485,48,male,no,3,southwest,34.3,9563.029
260,19,male,yes,0,northwest,31.92,33750.2918
200,64,female,no,0,northeast,39.33,14901.5167
1037,22,male,yes,2,southeast,37.07,37484.4493
243,55,female,no,1,southwest,26.8,35160.13457
513,51,male,no,0,northeast,22.42,9361.3268
634,40,male,no,2,northeast,22.705,7173.35995
525,42,male,yes,1,southeast,26.07,38245.59327
1150,42,male,no,0,southwest,34.1,5979.731
1025,47,female,no,1,southeast,45.32,8569.8618
480,23,male,no,0,southeast,32.56,1824.2854
723,62,male,no,0,southwest,37.4,12979.358
653,48,female,no,0,southeast,31.13,8280.6227
985,20,male,no,5,northeast,30.115,4915.05985
464,56,male,no,0,northeast,25.935,11165.41765
1192,41,female,no,1,northeast,21.755,13725.47184
1011,48,female,no,0,southwest,22.8,8269.044
1318,18,male,no,0,southeast,53.13,1163.4627
550,43,female,yes,0,southeast,46.2,45863.205
552,32,female,no,0,southeast,28.93,3972.9247
1042,18,male,no,0,northeast,23.085,1704.70015
988,45,female,no,1,northwest,27.645,28340.18885
542,20,female,no,2,southeast,31.79,3056.3881
1164,18,female,no,0,northeast,28.215,2200.83085
156,44,male,no,0,northwest,39.52,6948.7008
1313,34,male,no,1,southwest,42.9,4536.259
25,37,male,no,2,northwest,28.025,6203.90175
372,57,female,no,0,northeast,22.23,12029.2867
1285,61,male,yes,1,southwest,36.3,47403.88
581,59,male,no,1,northeast,25.46,12913.9924
114,21,female,no,0,northwest,35.72,2404.7338
937,44,male,no,2,northeast,29.735,32108.66282
838,56,female,no,0,northeast,28.31,11657.7189
1185,23,female,yes,1,southeast,28.49,18328.2381
543,63,female,no,0,southeast,36.3,13887.204
725,50,female,no,1,northeast,27.075,10106.13425
507,22,male,no,1,northwest,31.35,2643.2685
442,33,female,yes,0,southwest,33.5,37079.372
1083,38,male,no,1,northwest,19.95,5855.9025
647,39,male,no,1,northwest,26.22,6123.5688
780,53,male,no,0,northwest,28.88,9869.8102
416,43,female,no,1,southeast,35.64,7345.7266
597,42,female,no,2,southeast,29.48,7640.3092
19,56,male,no,0,southwest,40.3,10602.385
321,34,male,no,1,northwest,25.27,4894.7533
609,28,male,no,2,northeast,26.98,4435.0942
394,49,male,no,1,northeast,31.35,9290.1395
1006,29,male,no,2,northwest,31.73,4433.3877
561,46,female,no,2,northwest,19.95,9193.8385
897,43,female,yes,2,northeast,20.045,19798.05455
1194,48,female,no,0,northwest,36.575,8671.19125
1121,23,female,yes,0,southwest,31.4,34166.273
851,37,female,yes,0,northeast,30.78,37270.1512
117,58,male,no,0,southeast,49.06,11381.3254
713,43,female,no,2,northwest,30.685,8310.83915
341,24,female,no,0,southwest,27.6,18955.22017
220,24,female,no,0,southeast,23.21,25081.76784
305,57,female,no,2,southwest,38.0,12646.207
492,61,female,no,0,southeast,25.08,24513.09126
1202,46,male,no,2,northwest,40.375,8733.22925
13,23,male,no,0,southwest,34.4,1826.843
1039,22,male,no,0,northeast,28.88,2250.8352
1085,62,female,no,2,northwest,30.495,15019.76005
1069,63,male,no,1,northwest,21.66,14349.8544
181,58,male,no,0,northwest,28.595,11735.87905
554,52,female,no,2,northwest,31.73,11187.6567
1327,42,female,no,0,northeast,32.87,7050.0213
1181,42,female,no,1,northeast,41.325,7650.77375
712,50,female,no,2,southeast,23.54,10107.2206
666,43,male,yes,2,southeast,38.06,42560.4304
307,28,female,no,2,southwest,27.5,20177.67113
761,22,female,no,2,northeast,34.58,3925.7582
848,23,male,no,1,southeast,50.38,2438.0552
367,56,female,no,3,northeast,32.3,13430.265
935,32,male,no,2,southeast,37.18,4673.3922
57,58,female,no,2,northeast,31.825,13607.36875
766,57,female,no,0,northwest,31.825,11842.62375
98,55,male,no,0,southeast,38.28,10226.2842
1176,22,female,no,0,southwest,27.1,2154.361
926,50,male,no,2,northeast,32.11,25333.33284
95,64,female,yes,2,southwest,31.3,47291.055
193,25,male,no,0,southeast,25.74,2137.6536
1282,47,female,yes,2,northwest,27.645,24535.69855
527,19,female,no,2,northwest,30.59,24059.68019
16,19,male,no,1,southwest,24.6,1837.237
602,51,male,no,0,northwest,31.635,9174.13565
1030,37,female,no,2,northeast,17.29,6877.9801
716,60,male,no,0,southwest,28.9,12146.971
443,18,male,no,0,southeast,43.01,1149.3959
742,27,male,yes,0,southeast,29.15,18246.4955
890,57,male,no,1,northwest,33.63,11945.1327
79,22,female,no,0,northeast,39.805,2755.02095
20,30,male,yes,0,southwest,35.3,36837.467
188,30,female,no,3,southwest,30.9,5325.651
884,51,female,yes,3,northeast,37.05,46255.1125
868,57,male,no,1,southwest,43.7,11576.13
347,33,male,no,2,southeast,35.75,4889.9995
661,37,male,no,3,southeast,46.53,6435.6237
361,48,female,no,2,northeast,32.3,10043.249
470,18,female,no,1,southeast,24.09,2201.0971
282,54,male,yes,3,northeast,40.565,48549.17835
586,33,female,no,1,southeast,28.27,4779.6023
1173,56,female,no,0,southeast,41.91,11093.6229
728,29,female,yes,1,northeast,21.755,16657.71745
1115,23,male,no,0,northeast,24.51,2396.0959
681,21,female,no,1,southwest,17.4,2585.269
425,48,male,no,2,southwest,30.2,8968.33
924,34,male,no,0,northwest,35.815,4320.41085
376,23,female,yes,0,northwest,28.31,18033.9679
49,60,female,no,0,southeast,24.53,12629.8967
1026,21,female,no,0,southwest,34.6,2020.177
1067,48,male,no,2,southeast,37.29,8978.1851
429,21,female,no,1,northeast,16.815,3167.45585
199,51,female,no,0,northwest,18.05,9644.2525
717,49,female,no,1,northwest,22.61,9566.9909
1017,19,female,no,1,northwest,24.605,2709.24395
813,54,male,no,2,southeast,21.01,11013.7119
1162,34,male,no,2,southeast,42.13,5124.1887
752,21,male,no,0,northwest,28.975,1906.35825
85,37,female,yes,2,southwest,34.8,39836.519
795,39,female,no,2,northwest,31.92,7209.4918
141,34,male,no,2,northeast,22.42,27375.90478
900,19,female,no,0,northwest,22.515,2117.33885
171,63,male,no,0,southeast,41.47,13405.3903
941,18,male,no,0,southeast,23.21,1121.8739
1243,22,female,no,3,northwest,21.28,4296.2712
90,55,female,no,0,northwest,26.98,11082.5772
827,56,male,yes,2,southeast,31.79,43813.8661
203,60,female,no,0,northwest,24.035,13012.20865
674,41,female,no,0,southeast,31.02,6185.3208
69,40,female,no,0,southeast,36.19,5920.1041
1288,36,female,no,1,southwest,25.9,5472.449
1160,32,female,no,0,southwest,41.1,3989.841
831,63,male,no,0,southwest,33.1,13393.756
44,37,female,no,2,southeast,30.8,6313.759
996,39,female,no,3,northeast,23.275,7986.47525
1093,23,male,no,3,southwest,32.7,3591.48
186,36,male,yes,3,northeast,41.895,43753.33705
506,37,male,no,3,northwest,30.875,6796.86325
102,30,male,no,0,northeast,25.46,3645.0894
1049,25,female,no,1,northwest,22.515,3594.17085
645,43,male,no,2,southeast,35.31,18806.14547
440,26,male,no,0,northeast,29.45,2897.3235
503,51,male,yes,1,southeast,23.21,22218.1149
432,29,female,no,2,northwest,20.235,4906.40965
286,46,male,no,1,southeast,26.62,7742.1098
407,33,female,no,0,southeast,24.31,4185.0979
668,40,female,yes,2,northwest,32.775,40003.33225
70,28,male,yes,3,southeast,23.98,17663.1442
224,19,male,yes,0,southwest,34.8,34779.615
1111,54,female,no,1,northeast,32.3,11512.405
1038,45,female,yes,1,northwest,30.495,39725.51805
1239,37,male,no,3,northeast,22.705,6985.50695
816,20,female,no,0,southeast,31.46,1877.9294
955,34,male,yes,1,northwest,27.835,20009.63365
329,64,female,yes,1,southwest,33.8,47928.03
229,41,female,no,1,northeast,31.635,7358.17565
1252,19,male,no,0,southwest,19.8,1241.565
945,62,male,no,0,southeast,39.93,12982.8747
544,54,female,yes,0,southeast,47.41,63770.42801
1064,36,male,no,3,northwest,28.595,6548.19505
363,19,female,yes,0,southwest,21.7,13844.506
197,39,female,no,0,southwest,32.8,5649.715
545,54,male,no,0,northwest,30.21,10231.4999
1075,60,female,no,0,northeast,18.335,13204.28565
1007,28,male,no,2,northeast,29.26,4438.2634
159,30,male,yes,0,southeast,35.53,36950.2567
89,46,female,no,0,northwest,27.74,8026.6666
1021,51,male,no,0,southwest,37.0,8798.593
182,18,female,no,0,southeast,38.28,1631.8212
269,45,male,no,1,southwest,30.2,7441.053
75,44,male,no,2,southwest,27.4,7726.854
1022,22,female,yes,3,southeast,31.02,35595.5898
312,19,female,no,0,southwest,24.7,1737.376
414,25,male,no,5,southwest,23.9,5080.096
1292,19,male,yes,0,southwest,34.9,34828.654
965,52,male,no,2,northwest,36.765,26467.09737
737,37,female,yes,0,southeast,38.39,40419.0191
460,40,female,no,3,southeast,33.0,7682.67
983,31,male,yes,3,southwest,25.9,19199.944
319,44,female,no,0,northwest,27.645,7421.19455
903,26,male,no,3,northeast,27.265,4661.28635
452,30,male,no,1,northwest,24.13,4032.2407
325,29,male,no,0,southwest,27.2,2866.091
821,45,male,no,1,southwest,33.7,7445.918
1263,41,female,no,1,southeast,28.05,6770.1925
489,44,female,yes,0,southeast,38.06,48885.13561
651,49,female,no,2,southeast,42.68,9800.8882
517,20,male,no,1,southeast,35.31,27724.28875
210,40,male,no,1,northeast,41.23,6610.1097
1149,55,male,no,1,southwest,21.5,10791.96
92,53,female,no,1,northwest,24.795,10942.13205
1251,24,male,yes,0,northeast,29.83,18648.4217
1140,19,female,yes,0,northwest,32.49,36898.73308
880,37,female,no,2,southwest,29.5,6311.952
428,18,female,no,0,northeast,29.165,7323.734819
230,47,male,no,2,northeast,25.46,9225.2564
266,46,male,yes,3,southeast,42.35,46151.1245
1204,51,male,no,1,northeast,32.3,9964.06
546,49,male,yes,2,northwest,25.84,23807.2406
65,20,female,yes,0,northwest,22.42,14711.7438
1183,25,female,no,0,southwest,30.3,2632.992
639,39,male,yes,0,northeast,26.41,20149.3229
1296,20,male,no,1,southwest,22.0,1964.78
999,33,female,no,3,northeast,36.29,6551.7501
273,41,male,no,2,northwest,37.05,7265.7025
457,55,female,no,2,southeast,30.14,11881.9696
360,18,female,no,0,southeast,20.79,1607.5101
774,19,female,yes,0,northwest,28.88,17748.5062
1068,39,male,no,0,northeast,42.655,5757.41345
315,27,female,yes,0,southwest,31.4,34838.873
1108,50,female,no,2,northwest,26.22,10493.9458
248,24,male,no,0,southeast,35.86,1986.9334
359,23,male,no,0,southeast,41.91,1837.2819
1264,43,female,no,1,southwest,29.9,7337.748
975,26,male,no,0,southeast,35.42,2322.6218
502,43,male,no,0,northeast,26.03,6837.3687
1177,52,female,yes,1,northwest,24.13,23887.6627
461,49,female,no,3,southeast,36.63,10381.4787
567,38,female,no,1,northwest,40.565,6373.55735
153,32,female,no,3,northeast,37.145,6334.34355
211,20,male,no,1,southwest,33.0,1980.07
1324,42,female,yes,2,southeast,40.37,43896.3763
1312,33,female,no,0,northwest,26.695,4571.41305
1130,19,female,no,0,southwest,18.6,1728.897
47,18,female,no,2,northeast,38.665,3393.35635
1124,27,female,no,1,northeast,32.395,18903.49141
722,53,male,no,3,southwest,36.6,11264.541
901,49,male,no,0,northeast,22.515,8688.85885
971,50,female,no,3,southeast,28.16,10702.6424
411,19,male,no,0,northwest,17.48,1621.3402
424,25,male,no,0,northeast,30.59,2727.3951
1222,40,male,no,2,southeast,24.97,6593.5083
380,62,male,no,1,southeast,31.46,27000.98473
616,47,female,yes,1,southeast,36.63,42969.8527
11,25,male,no,0,northeast,26.22,2721.3208
537,33,female,no,3,southwest,38.9,5972.378
1099,52,female,no,0,northeast,30.875,23045.56616
914,44,female,no,1,southwest,27.5,7626.993
392,19,female,no,0,northwest,37.43,2138.0707
894,47,male,yes,2,southeast,38.94,44202.6536
314,49,male,no,0,southeast,35.86,8124.4084
311,50,male,no,0,southwest,26.6,8444.474
262,20,female,yes,1,southeast,26.84,17085.2676
748,19,male,no,0,northwest,21.755,1627.28245
78,21,male,no,0,southeast,35.53,1532.4697
1258,54,female,no,1,northwest,27.645,11305.93455
809,18,male,no,0,southeast,30.14,1131.5066
919,61,female,no,0,southwest,28.2,13041.921
1330,52,male,no,2,southwest,38.6,10325.206
196,19,male,no,0,northwest,30.59,1639.5631
192,36,female,no,0,southwest,26.2,4883.866
1047,43,female,no,0,northeast,25.08,7325.0482
420,63,female,yes,0,northwest,26.98,28950.4692
366,49,female,no,1,northeast,30.78,9778.3472
612,38,female,no,2,southwest,34.8,6571.544
56,58,male,yes,2,northwest,36.955,47496.49445
843,23,female,yes,2,southeast,32.78,36021.0112
397,43,female,no,3,southwest,34.4,8522.003
97,54,female,no,3,southwest,30.8,12105.32
254,27,male,no,3,southwest,30.3,4260.744
830,39,male,no,1,northwest,21.85,6117.4945
1298,28,female,no,2,southeast,26.51,4340.4409
374,26,male,yes,2,southwest,32.9,36085.219
615,20,female,no,0,southeast,33.0,1880.07
893,54,male,no,0,northeast,24.035,10422.91665
212,40,male,no,4,northwest,30.875,8162.71625
1131,39,female,no,5,southeast,23.87,8582.3023
1143,52,female,no,0,southeast,24.86,27117.99378
1268,24,male,yes,0,northeast,31.065,34254.05335
403,64,female,no,0,northwest,32.965,14692.66935
733,24,female,no,3,southwest,30.1,4234.927
184,44,female,no,0,northwest,26.41,7419.4779
757,39,female,no,3,northeast,22.8,7985.815
301,36,male,no,3,northeast,27.55,6746.7425
691,21,male,no,0,northeast,27.36,2104.1134
501,29,male,yes,0,southwest,34.4,36197.699
142,26,male,no,1,northeast,32.49,3490.5491
1141,50,male,no,1,southeast,37.07,9048.0273
490,53,male,no,1,northwest,31.16,10461.9794
12,62,female,yes,0,southeast,26.29,27808.7251
348,46,male,no,1,northeast,33.345,8334.45755
138,22,male,no,0,northwest,25.175,2045.68525
755,24,male,no,4,northeast,33.63,17128.42608
672,29,female,no,0,northeast,31.16,3943.5954
627,36,male,no,3,northeast,28.88,6748.5912
1136,50,female,no,3,northwest,28.12,11085.5868
1117,41,male,no,5,northeast,29.64,9222.4026
447,60,male,no,0,northeast,29.64,12730.9996
719,51,female,no,2,northwest,36.67,10848.1343
857,48,female,yes,0,southeast,33.11,40974.1649
741,45,male,no,2,northeast,24.035,8604.48365
1057,48,female,no,0,southwest,28.9,8277.523
1061,24,male,no,0,southeast,32.01,1981.5819
124,44,male,yes,1,northeast,31.35,39556.4945
1217,40,male,no,0,southeast,25.08,5415.6612
1002,24,male,yes,0,southwest,32.7,34472.841
331,61,female,yes,1,northeast,36.385,48517.56315
1045,55,male,no,1,northeast,35.245,11394.06555
332,52,male,yes,0,northwest,27.36,24393.6224
225,42,male,yes,0,southeast,24.64,19515.5416
276,47,female,no,2,northeast,26.6,9715.841
157,48,male,yes,0,southeast,24.42,21223.6758
640,56,male,no,4,southeast,33.66,12949.1554
458,57,female,no,0,northwest,30.495,11840.77505
272,50,male,yes,2,southwest,34.2,42856.838
28,55,female,no,2,northwest,32.775,12268.63225
959,43,male,yes,1,northeast,34.96,41034.2214
822,26,male,no,0,northwest,17.67,2680.9493
494,61,male,no,0,southwest,43.4,12574.049
783,51,male,no,1,southeast,35.97,9386.1613
1050,49,male,yes,0,southwest,30.9,39727.614
381,27,female,yes,2,northeast,17.955,15006.57945
147,46,male,yes,3,northwest,30.495,40720.55105
385,44,male,no,2,northeast,22.135,8302.53565
798,30,female,no,1,northeast,22.895,4719.52405
500,62,female,no,0,southwest,39.2,13470.86
1226,33,female,no,1,southeast,39.82,4795.6568
148,51,female,no,1,southeast,37.73,9877.6077
434,60,female,no,0,southwest,30.5,12638.195
1295,58,male,no,0,northeast,25.175,11931.12525
982,34,male,no,0,northeast,21.375,4500.33925
1110,45,male,no,3,southeast,20.35,8605.3615
1189,43,female,yes,1,northeast,25.27,21771.3423
216,41,female,no,2,southwest,37.1,7371.772
515,39,male,yes,1,southwest,28.3,21082.16
604,64,female,no,3,southeast,39.05,16085.1275
127,19,female,yes,0,southwest,28.3,17081.08
660,57,female,no,4,northeast,28.785,14394.39815
107,19,female,no,1,southwest,28.4,2331.519
921,62,female,no,0,southwest,25.0,13451.122
370,18,male,no,3,northeast,30.4,3481.868
126,26,female,no,0,northeast,28.785,3385.39915
110,63,male,yes,0,southeast,35.09,47055.5321
1087,55,male,no,0,northeast,28.975,10796.35025
431,19,male,no,0,southwest,33.1,23082.95533
846,60,female,yes,0,southeast,32.45,45008.9555
401,51,female,no,0,southwest,20.6,9264.797
620,55,female,no,0,southwest,37.1,10713.644
473,19,female,no,0,southwest,29.8,1744.465
410,32,male,no,1,southeast,30.03,4074.4537
158,18,male,yes,0,northeast,25.175,15518.18025
1001,30,male,yes,2,northwest,22.99,17361.7661
128,52,female,no,0,southwest,37.4,9634.538
870,25,female,no,3,southwest,24.3,4391.652
86,45,male,yes,2,northwest,22.895,21098.55405
760,18,male,yes,0,southeast,38.17,36307.7983
298,47,male,yes,1,southeast,25.41,21978.6769
613,18,female,no,0,northeast,33.155,2207.69745
886,32,male,yes,1,southeast,28.93,19719.6947
1091,47,male,yes,0,southeast,36.19,41676.0811
1180,31,male,yes,0,southeast,29.81,19350.3689
5,32,male,no,0,northwest,28.88,3866.8552
1070,54,female,no,1,southeast,31.9,10928.849
418,36,female,yes,2,southwest,22.6,18608.262
1059,24,female,no,0,southeast,39.49,2480.9791
768,42,female,no,1,southwest,29.0,7050.642
1299,33,male,no,2,northwest,27.455,5261.46945
1028,23,male,no,0,northwest,18.715,21595.38229
22,30,female,no,1,southwest,32.4,4149.736
670,40,female,no,1,southeast,29.81,6500.2359
833,28,female,no,2,northwest,23.845,4719.73655
139,54,female,no,3,southeast,31.9,27322.73386
1319,35,male,no,4,northeast,39.71,19496.71917
745,50,male,no,0,northwest,26.41,8827.2099
1018,26,female,no,2,southwest,34.2,3987.926
169,19,female,no,1,northwest,31.825,2719.27975
522,32,female,no,0,southeast,44.22,3994.1778
21,60,female,no,0,northeast,36.005,13228.84695
966,35,male,no,1,southwest,27.1,4746.344
644,23,female,no,3,northwest,34.96,4466.6214
1072,63,male,no,0,northeast,31.445,13974.45555
300,48,female,no,1,northwest,28.88,9249.4952
343,60,female,no,0,northeast,27.55,13217.0945
292,29,male,no,1,northeast,29.64,20277.80751
512,27,male,no,0,southeast,33.66,2498.4144
1242,64,male,yes,2,southeast,36.96,49577.6624
1234,58,male,no,0,southwest,23.3,11345.519
1029,54,male,no,0,southwest,31.6,9850.432
599,43,male,no,2,southwest,32.6,7441.501
511,56,male,no,1,northeast,32.11,11763.0009
866,40,male,no,2,southwest,29.9,6600.361
758,47,female,yes,0,southeast,27.83,23065.4207
605,19,female,yes,0,northwest,28.31,17468.9839
239,19,male,yes,0,northwest,29.07,17352.6803
173,18,male,no,0,northeast,15.96,1694.7964
245,63,female,yes,0,northeast,27.74,29523.1656
257,56,male,yes,0,northwest,33.63,43921.1837
739,23,male,yes,3,northeast,31.73,36189.1017
591,58,female,no,0,southwest,29.0,11842.442
1088,57,male,no,0,northwest,31.54,11353.2276
925,43,male,no,0,southwest,23.2,6250.435
1010,51,male,no,1,northeast,27.74,9957.7216
1225,41,male,no,1,northeast,23.94,6858.4796
334,56,female,no,0,northeast,28.785,11658.37915
697,53,female,no,2,northeast,32.3,29186.48236
835,36,male,no,1,northwest,33.82,5377.4578
1269,20,female,no,0,southwest,33.3,1880.487
997,39,female,no,3,southwest,34.1,7418.522
532,62,female,no,0,northeast,31.73,14043.4767
115,52,male,no,3,northeast,32.205,11488.31695
909,63,male,no,3,southwest,39.8,15170.069
1101,33,female,yes,2,northeast,19.095,16776.30405
781,30,male,yes,3,southwest,24.4,18259.216
1287,28,female,no,0,northeast,17.29,3732.6251
979,45,female,no,3,northeast,39.995,9704.66805
422,61,male,yes,0,southeast,35.86,46599.1084
744,31,female,no,0,southeast,26.62,3757.8448
1323,62,male,no,0,southeast,38.83,12981.3457
1166,35,female,no,0,northeast,26.125,5227.98875
1219,46,female,yes,1,southwest,34.6,41661.602
112,55,female,no,2,southwest,29.7,11881.358
558,34,male,no,0,southeast,34.21,3935.1799
382,55,male,yes,0,northeast,30.685,42303.69215
241,23,female,yes,2,northeast,36.67,38511.6283
468,56,female,no,2,northwest,33.82,12643.3778
913,59,female,no,3,northwest,26.695,14382.70905
227,28,male,no,0,southeast,38.06,2689.4954
4,33,male,no,0,northwest,22.705,21984.47061
990,24,female,yes,0,northeast,20.52,14571.8908
732,53,male,no,1,southwest,21.4,10065.413
265,53,female,no,3,southeast,38.06,20462.99766
588,34,female,yes,1,northwest,30.21,43943.8761
1289,20,male,yes,2,southwest,39.4,38344.566
1223,50,male,no,0,southeast,25.3,8442.667
387,58,female,no,0,southeast,39.05,11856.4115
1311,42,male,no,1,northwest,26.315,6940.90985
606,51,female,no,0,southeast,34.1,9283.562
623,49,female,no,1,southwest,21.3,9182.17
1297,18,male,no,0,northeast,26.125,1708.92575
396,46,male,no,0,northwest,19.855,7526.70645
350,19,male,no,0,northwest,27.835,1635.73365
810,25,male,no,1,northeast,25.84,3309.7926
175,24,female,no,0,northwest,33.345,2855.43755
391,48,male,no,4,northeast,35.625,10736.87075
59,53,female,yes,1,southeast,22.88,23244.7902
9,37,male,no,2,northeast,29.83,6406.4107
1238,58,female,no,0,northwest,28.215,12224.35085
721,51,female,no,0,northeast,40.66,9875.6804
308,30,female,no,1,southeast,33.33,4151.0287
1307,29,female,yes,0,northeast,21.85,16115.3045
778,45,male,no,0,northeast,39.805,7448.40395
548,54,female,no,2,southwest,46.7,11538.421
865,51,male,no,0,southwest,25.4,8782.469
219,26,female,no,1,southeast,29.92,3392.9768
948,37,male,yes,1,northeast,34.2,39047.285
775,41,male,no,2,northwest,34.2,7261.741
23,18,male,no,0,southeast,34.1,1137.011
437,22,male,no,0,northeast,31.73,2254.7967
1135,28,male,no,0,northwest,33.82,19673.33573
441,31,female,no,1,northwest,32.68,4738.2682
802,64,female,no,0,southeast,35.97,14313.8463
471,27,male,no,0,southeast,32.67,2497.0383
888,36,female,no,0,northwest,30.02,5272.1758
683,39,male,yes,2,southwest,35.3,40103.89
1094,22,female,yes,0,northwest,30.4,33907.548
194,56,female,no,1,northwest,26.6,12044.342
474,47,female,no,0,northeast,33.345,20878.78443
1233,54,female,no,3,northwest,24.605,12479.70895
885,25,male,no,4,northwest,26.695,4877.98105
335,43,female,no,2,northeast,35.72,19144.57652
1201,37,male,no,2,northwest,24.32,6198.7518
521,50,female,no,0,northeast,27.36,25656.57526
1119,33,male,yes,1,southeast,35.75,38282.7495
144,29,male,no,2,northwest,29.735,18157.876
608,59,female,yes,0,northwest,23.655,25678.77845
134,19,male,no,0,northwest,25.555,1632.56445
922,62,female,no,0,southwest,33.2,13462.52
1031,46,female,yes,1,northwest,23.655,21677.28345
105,34,female,no,1,southwest,27.5,5003.853
8,37,female,no,3,northwest,27.74,7281.5056
478,25,male,no,0,northwest,35.625,2534.39375
1155,48,female,no,4,northwest,27.93,11015.1747
1320,39,female,no,2,northwest,26.315,7201.70085
1023,47,male,yes,1,southeast,36.08,42211.1382
201,19,female,no,0,northwest,32.11,2130.6759
533,59,male,no,2,southeast,29.7,12925.886
1228,42,male,no,2,southeast,37.18,7162.0122
747,34,male,no,2,southwest,27.0,11737.84884
779,35,male,no,3,southeast,34.32,5934.3798
1302,62,male,yes,3,northwest,30.875,46718.16325
1175,29,male,no,2,northwest,32.11,4433.9159
160,50,female,no,3,southeast,27.83,19749.38338
61,43,male,no,3,northeast,27.36,8606.2174
103,18,female,no,0,northeast,30.115,21344.8467
483,18,female,no,0,southeast,31.35,1622.1885
1332,23,female,no,0,southwest,33.4,10795.93733
793,22,female,no,0,northeast,23.18,2731.9122
1190,23,female,no,0,southwest,28.0,13126.67745
1260,52,female,no,0,northeast,23.18,10197.7722
291,28,female,no,0,southwest,33.4,3172.018
1244,28,female,no,0,southeast,33.11,3171.6149
915,33,male,no,2,northwest,24.605,5257.50795
578,31,female,yes,1,northeast,38.095,58571.07448
1082,32,male,no,1,northwest,27.835,4454.40265
31,22,male,yes,0,southwest,35.6,35585.576
947,42,male,no,2,southwest,35.8,7160.094
1257,51,female,no,3,northwest,36.385,11436.73815
1195,31,female,no,0,northwest,21.755,4134.08245
1220,38,female,no,3,northwest,30.21,7537.1639
1054,47,male,yes,3,southwest,29.8,25309.489
541,34,female,no,3,southwest,38.0,6196.448
288,63,female,no,0,northwest,26.22,14256.1928
1294,46,male,no,3,northwest,25.745,9301.89355
862,38,female,no,3,southwest,28.0,7151.092
283,30,male,no,1,northeast,27.645,4237.12655
51,18,female,no,0,northeast,35.625,2211.13075
1120,30,female,no,3,northwest,19.95,5693.4305
1261,32,female,no,0,northeast,20.52,4544.2348
462,42,male,yes,0,southwest,30.0,22144.032
222,53,female,no,0,northeast,33.25,10564.8845
1291,38,female,no,2,northeast,19.95,7133.9025
1321,31,male,no,3,northwest,31.065,5425.02335
279,59,male,no,2,southeast,31.79,12928.7911
256,55,female,no,3,northeast,25.365,13047.33235
430,27,female,no,3,northwest,30.4,18804.7524
1335,18,female,no,0,northeast,31.92,2205.9808
1290,44,male,no,1,southeast,34.32,7147.4728
1034,18,male,yes,0,northeast,21.565,13747.87235
818,23,male,no,3,southwest,37.1,3597.596
29,23,male,no,1,northwest,17.385,2775.19215
1273,43,male,no,5,southeast,25.52,14478.33015
811,46,female,no,3,southwest,30.8,9414.92
1020,21,female,no,2,northwest,32.68,26018.95052
1211,36,male,no,1,northwest,30.875,5373.36425
655,59,female,no,0,southeast,35.2,12244.531
373,42,female,no,1,northeast,33.155,7639.41745
837,36,male,no,0,southwest,31.5,4402.233
322,26,female,no,4,northeast,29.64,24671.66334
246,54,male,no,0,northwest,30.02,24476.47851
390,24,female,no,3,northwest,30.21,4618.0799
151,35,male,no,1,northwest,24.13,5125.2157
769,64,female,no,0,southwest,39.7,14319.031
812,33,female,no,3,northwest,42.94,6360.9936
189,41,female,no,1,southwest,32.2,6775.961
1161,43,female,no,1,northwest,34.58,7727.2532
920,35,female,no,1,southeast,34.21,5245.2269
967,51,male,yes,2,northwest,24.795,23967.38305
786,35,female,no,3,southwest,27.7,6414.178
1084,32,male,no,1,southwest,31.5,4076.497
34,63,male,no,0,northwest,28.31,13770.0979
917,43,female,yes,0,northwest,26.885,21774.32215
1231,52,male,yes,3,northwest,34.485,60021.39897
619,19,female,yes,0,southeast,33.11,34439.8559
37,62,female,no,3,northwest,32.965,15612.19335
287,46,female,no,2,northeast,48.07,9432.9253
628,33,male,no,1,southeast,42.46,11326.71487
77,29,female,no,1,southeast,29.59,3947.4131
320,32,male,no,1,northeast,37.335,4667.60765
198,45,female,no,2,southeast,28.6,8516.829
1148,20,female,no,0,northwest,31.92,2261.5688
